{
    "epochs": [
        0,
        1,
        2,
        3,
        4,
        5,
        6,
        7,
        8,
        9
    ],
    "losess": [
        0.22057524563348146,
        0.21111313119767583,
        0.2078320343677264,
        0.20704023156949442,
        0.2034995175042089,
        0.2036495326090045,
        0.20164529469213227,
        0.2051529377451564,
        0.2076504374728085,
        0.20301604276596932
    ]
}