{
    "lr": 1e-05,
    "n_hidden": 128,
    "wd": 1e-10,
    "epochs": [
        0,
        1,
        2,
        3,
        4,
        5,
        6,
        7,
        8,
        9
    ],
    "losess_train": [
        0.8506513241231114,
        0.559134093836157,
        0.37094152554811544,
        0.18477341075287307,
        0.09493735000683348,
        0.08447756997532468,
        0.08131539449877959,
        0.08081991155676074,
        0.08066164698824621,
        0.08091384958844222
    ],
    "losess_val": [
        0.6367897184892394,
        0.45336084166864704,
        0.2364892828232166,
        0.11265486682849428,
        0.08504636771139176,
        0.08490800659457545,
        0.08010086704646868,
        0.07985114879247131,
        0.07998841540745531,
        0.07934404853759319
    ]
}