{
    "lr": 0.001,
    "n_hidden": 64,
    "wd": 1e-08,
    "epochs": [
        0,
        1,
        2,
        3,
        4,
        5,
        6,
        7
    ],
    "losess_train": [
        0.14069748374178773,
        0.07882768687230685,
        0.07865365044306116,
        0.07966296452723101,
        0.07883490576301619,
        0.07888769794286411,
        0.07804534719051355,
        0.07879595396226913
    ],
    "losess_val": [
        0.07961302157165645,
        0.0782333948444212,
        0.07790849367896656,
        0.0786627973841763,
        0.07782813222303443,
        0.0779685644970007,
        0.07789506960189206,
        0.07709897841619646
    ],
    "losess_test": [
        0.08020103472224002,
        0.0810639095091927,
        0.07939256928015923,
        0.0824477872748425,
        0.07919727880200525,
        0.0829008108731927,
        0.08052206910711,
        0.08072557086232064
    ]
}