{
    "lr": 1e-05,
    "n_hidden": 64,
    "wd": 1e-12,
    "epochs": [
        0,
        1,
        2,
        3,
        4,
        5,
        6,
        7,
        8,
        9
    ],
    "losess_train": [
        0.60893935357889,
        0.4731994050584451,
        0.39674058087813047,
        0.33586184048268836,
        0.25101503227701333,
        0.1574334398429044,
        0.10601882064548711,
        0.09515639040878017,
        0.09125160436703675,
        0.09081616207142255
    ],
    "losess_val": [
        0.4957431294452185,
        0.3969537790628268,
        0.34184914049894916,
        0.28365601920176003,
        0.19750935759680202,
        0.1172834259012471,
        0.0965185494258486,
        0.09406274609241648,
        0.08990733686653987,
        0.08612182886078619
    ]
}