{
    "lr": 1e-05,
    "n_hidden": 64,
    "wd": 1e-08,
    "epochs": [
        0,
        1,
        2,
        3,
        4,
        5,
        6,
        7,
        8,
        9
    ],
    "losess_train": [
        0.45994004012703743,
        0.32827227485858135,
        0.2504275036733063,
        0.21371678214301562,
        0.1896382289497319,
        0.16919429648960724,
        0.1551337859956232,
        0.14223133002373115,
        0.12993634973939758,
        0.12144317604663217
    ],
    "losess_val": [
        0.3614218060461537,
        0.2714970417763816,
        0.2200878628905209,
        0.19662083062096156,
        0.1717634120325873,
        0.1584335421693736,
        0.14405375033959575,
        0.13123665989070818,
        0.12166016540308108,
        0.11328989012666728
    ]
}