{
    "lr": 0.001,
    "n_hidden": 64,
    "wd": 1e-08,
    "epochs": [
        0,
        1,
        2,
        3,
        4,
        5,
        6,
        7,
        8,
        9
    ],
    "losess_train": [
        0.14069748374178773,
        0.07882768687230685,
        0.07865365044306116,
        0.07966296452723101,
        0.07883490576301619,
        0.07888769794286411,
        0.07804534719051355,
        0.07879595396226913,
        0.07808419853022737,
        0.07834384727836811
    ],
    "losess_val": [
        0.07961302157165645,
        0.0782333948444212,
        0.07790849367896656,
        0.0786627973841763,
        0.07782813222303443,
        0.0779685644970007,
        0.07789506960189206,
        0.07709897841619646,
        0.07817769570388775,
        0.08009312715547076
    ]
}