{
    "lr": 0.0001,
    "n_hidden": 64,
    "wd": 1e-10,
    "epochs": [
        0,
        1,
        2,
        3,
        4,
        5,
        6,
        7,
        8,
        9
    ],
    "losess_train": [
        0.22406363764079543,
        0.11415876224510384,
        0.17873925972778718,
        0.49226348611810494,
        1.0480752088537026,
        1.3081120219114792,
        1.359349145422982,
        1.3526059142018232,
        1.5069511292660407,
        1.513605748566493
    ],
    "losess_val": [
        0.12076201969417913,
        0.12010924420554539,
        0.24704991150712563,
        0.6417707663545127,
        1.180542358811172,
        1.2511617483227686,
        1.251923621385947,
        1.4814168889781107,
        1.539609344526269,
        1.3909923683578285
    ]
}