{
    "epochs": [
        0,
        1,
        2,
        3,
        4,
        5,
        6,
        7,
        8,
        9
    ],
    "losess": [
        0.1292735842773526,
        0.08233301339894697,
        0.08138368703009975,
        0.08118023090202348,
        0.08121895652576132,
        0.08109739305090755,
        0.08125417405915801,
        0.08113748210631017,
        0.08115740427046153,
        0.0811549448189813
    ]
}