{
    "epochs": [
        0,
        1,
        2,
        3,
        4,
        5,
        6,
        7,
        8,
        9
    ],
    "losess": [
        4.353871613571065,
        4.35333827685957,
        4.35271455755044,
        4.352486103871455,
        4.352474863559482,
        4.352462042690385,
        4.352318781755552,
        4.352361211251312,
        4.352287368480712,
        4.352067790237883
    ]
}