{
    "epochs": [
        0,
        1,
        2,
        3,
        4,
        5,
        6,
        7,
        8,
        9,
        10,
        11,
        12,
        13,
        14,
        15,
        16,
        17,
        18,
        19,
        20,
        21,
        22,
        23,
        24,
        25,
        26,
        27,
        28,
        29,
        30,
        31,
        32,
        33,
        34,
        35,
        36,
        37,
        38,
        39,
        40,
        41,
        42,
        43,
        44,
        45,
        46,
        47,
        48,
        49,
        50,
        51,
        52,
        53,
        54,
        55,
        56,
        57,
        58,
        59,
        60,
        61,
        62,
        63,
        64,
        65,
        66,
        67,
        68,
        69,
        70,
        71,
        72,
        73,
        74,
        75
    ],
    "losess": [
        0.4848230557732076,
        0.48233767618311485,
        0.4965933627598811,
        0.48395645900936485,
        0.4653706830235174,
        0.4610501297020147,
        0.46382017406674936,
        0.4606558477481643,
        0.46969964899738814,
        0.46832631292515736,
        0.46265696418391455,
        0.4573141038924405,
        0.4711070588297539,
        0.47436703150182497,
        0.4740312581729345,
        0.4658686839727244,
        0.46591885652962645,
        0.46429122717258225,
        0.46859329268403344,
        0.4733738662028191,
        0.4680841920757494,
        0.46868962591236296,
        0.4613705906387854,
        0.46737793573986564,
        0.47768769411072354,
        0.46845309243966504,
        0.46685594453202306,
        0.47724897507941316,
        0.47809034699786246,
        0.4695253740989045,
        0.47739424955581455,
        0.48066268553913577,
        0.48621820883802885,
        0.48839590306544756,
        0.4815764662838259,
        0.4832162618184135,
        0.48442701148624456,
        0.4796027709050079,
        0.47890217018632836,
        0.4888962209135303,
        0.47397661273473024,
        0.48700877555953587,
        0.4847145334218409,
        0.48891221749855274,
        0.4879015435958884,
        0.4882887258563992,
        0.49071985872348967,
        0.49142787888245326,
        0.4936168611007933,
        0.490757469069587,
        0.5023281499631714,
        0.49769548577864686,
        0.49965306239513835,
        0.4882012802819564,
        0.5081040352275998,
        0.48827255911713136,
        0.5018288819459233,
        0.49693150543449,
        0.49562947859276346,
        0.4950171816695894,
        0.4912231556118375,
        0.48745001740317834,
        0.5194176425577199,
        0.49430620779980183,
        0.4997402350076043,
        0.5063936778300167,
        0.4980039807894554,
        0.5083638115914246,
        0.5175998659804277,
        0.5038738192087316,
        0.5184997188104485,
        0.5002936803153868,
        0.4986459387861339,
        0.49105459771720356,
        0.49853461380660946,
        0.5024211340434026
    ]
}