{
    "epochs": [
        0,
        10,
        20,
        30,
        40,
        50,
        60,
        70,
        80,
        90
    ],
    "losess": [
        4.078795876833472,
        4.0759960944109626,
        4.07564907498879,
        4.075041832310139,
        4.076218273380015,
        4.076985005104896,
        4.076887586329243,
        4.077002820402089,
        4.077972020253097,
        4.077477155345501
    ]
}