{
    "lr": 0.001,
    "n_hidden": 64,
    "wd": 1e-10,
    "epochs": [
        0,
        1,
        2,
        3,
        4,
        5,
        6,
        7,
        8,
        9
    ],
    "losess_train": [
        0.10217241315457383,
        0.08126165950498561,
        0.079336470378338,
        0.07886772929173853,
        0.07861974735866009,
        0.07850196810230448,
        0.07879618781260903,
        0.0783295866540403,
        0.07849780044076729,
        0.0787841193769088
    ],
    "losess_val": [
        0.08156122775866591,
        0.07818137482367177,
        0.07813651197734682,
        0.07798321432676511,
        0.07888520075225162,
        0.07933565816362163,
        0.07781935591569011,
        0.07823072495995492,
        0.0785483957856134,
        0.07819677622749589
    ]
}