{
    "lr": 1e-05,
    "n_hidden": 128,
    "wd": 1e-12,
    "epochs": [
        0,
        1,
        2,
        3,
        4,
        5,
        6,
        7,
        8,
        9
    ],
    "losess_train": [
        0.2739444632266071,
        0.10308718346092846,
        0.08617548059730598,
        0.083680541340905,
        0.08360726412457593,
        0.08312305021364681,
        0.08378124818147725,
        0.0832699723701908,
        0.08378502040574007,
        0.08323953852523816
    ],
    "losess_val": [
        0.13189479860587455,
        0.09014283702231717,
        0.08409044444412067,
        0.08369922901558197,
        0.08198316668582403,
        0.08297717857962546,
        0.08208754630400979,
        0.08266784823399553,
        0.08234163753870784,
        0.08317935907620302
    ]
}