{
    "lr": 0.0001,
    "n_hidden": 64,
    "wd": 1e-08,
    "epochs": [
        0,
        1,
        2,
        3,
        4,
        5,
        6,
        7,
        8,
        9
    ],
    "losess_train": [
        0.1762498404643331,
        0.13847812332876705,
        0.14070751315748056,
        0.14704491644606044,
        0.15372708479162098,
        0.15602803066389262,
        0.17366835285444138,
        0.1786678671336224,
        0.19265723288947256,
        0.20510624105805647
    ],
    "losess_val": [
        0.13246237162290248,
        0.15252140630548564,
        0.13916426530663578,
        0.14482693071069866,
        0.14980716984728346,
        0.15774882748268773,
        0.16735879782734364,
        0.18030783169153985,
        0.19302816289118205,
        0.2130795526301962
    ]
}