{
    "lr": 0.0001,
    "n_hidden": 128,
    "wd": 1e-10,
    "epochs": [
        0,
        1,
        2,
        3,
        4,
        5,
        6,
        7,
        8,
        9
    ],
    "losess_train": [
        0.13600540808672523,
        0.08436689700541311,
        0.08078165288871914,
        0.07976663841383301,
        0.07916471236956714,
        0.07927178610039883,
        0.08008355319160257,
        0.07956806744096184,
        0.08018576080155913,
        0.07988332068189456
    ],
    "losess_val": [
        0.08784108719546935,
        0.08340030397730193,
        0.0799100357463871,
        0.07967993195565684,
        0.07931004469839112,
        0.07906807992590599,
        0.07985928020198485,
        0.0795331264751545,
        0.07956394976165997,
        0.08015391622287878
    ]
}