{
    "lr": 0.0001,
    "n_hidden": 128,
    "wd": 1e-08,
    "epochs": [
        0,
        1,
        2,
        3,
        4,
        5,
        6,
        7,
        8,
        9
    ],
    "losess_train": [
        0.1845597629516843,
        0.1871505647185516,
        0.2501506038623242,
        0.29358860040686036,
        0.3604100697541902,
        0.3902840118815381,
        0.44670725233518366,
        0.5066239579107008,
        0.5571776773080672,
        0.5771771206902022
    ],
    "losess_val": [
        0.16172331754771666,
        0.20655361105357928,
        0.24423938346230822,
        0.3474603972692361,
        0.38223682109383805,
        0.4869580228944709,
        0.5369638653769009,
        0.44143248223948633,
        0.6039154319868035,
        0.4805403094718243
    ]
}