{
    "lr": 0.0001,
    "n_hidden": 64,
    "wd": 1e-12,
    "epochs": [
        0,
        1,
        2,
        3,
        4,
        5,
        6,
        7,
        8,
        9
    ],
    "losess_train": [
        0.21613662433724393,
        0.11574107544408561,
        0.10078814303311166,
        0.09856945228581428,
        0.09460740934049067,
        0.09261061574635344,
        0.09135868882563171,
        0.0902892693932349,
        0.08931607688001342,
        0.08925607240256066
    ],
    "losess_val": [
        0.139520520719512,
        0.10413307444504771,
        0.09758309404114852,
        0.09400262835918219,
        0.09354014725222819,
        0.0909303492423834,
        0.08903065970216853,
        0.08904193126517854,
        0.08860495452699751,
        0.08901315847079436
    ]
}