{
    "lr": 0.001,
    "n_hidden": 64,
    "wd": 1e-12,
    "epochs": [
        0,
        1,
        2,
        3,
        4,
        5,
        6,
        7,
        8,
        9
    ],
    "losess_train": [
        0.13866311719972793,
        0.16292623627091657,
        0.19652952848464392,
        0.19796769764528024,
        0.2733746483950314,
        0.28199795305985187,
        0.2855575742119372,
        0.2832984035163626,
        0.2840128417087071,
        0.29107178787436083
    ],
    "losess_val": [
        0.13466802199205002,
        0.17388696452488248,
        0.27140573809469776,
        0.23274241525610942,
        0.2739434512718388,
        0.2750285708088091,
        0.28922574336024776,
        0.28992579559395754,
        0.2711085772168809,
        0.28681631793623147
    ]
}