{
    "lr": 0.0001,
    "n_hidden": 128,
    "wd": 1e-12,
    "epochs": [
        0,
        1,
        2,
        3,
        4,
        5,
        6,
        7,
        8,
        9
    ],
    "losess_train": [
        0.1870342721141418,
        0.0925826711149743,
        0.09113341883389596,
        0.09397898650314793,
        0.09684305725461446,
        0.09919693152697823,
        0.10248123044527098,
        0.1037470975728908,
        0.10546044183306641,
        0.10413658846295985
    ],
    "losess_val": [
        0.09196239316660068,
        0.09033345459759802,
        0.09204553695454233,
        0.09256452444134683,
        0.09617599399610498,
        0.10283721331832768,
        0.10547835850107974,
        0.10405133774076802,
        0.10681628357285801,
        0.10491667818212914
    ]
}