{
    "lr": 1e-05,
    "n_hidden": 128,
    "wd": 1e-08,
    "epochs": [
        0,
        1,
        2,
        3,
        4,
        5,
        6,
        7,
        8,
        9
    ],
    "losess_train": [
        0.30880221217623377,
        0.2055353454060226,
        0.164819907229038,
        0.13901210765447178,
        0.12552463806887743,
        0.11842148852710688,
        0.1124370005646654,
        0.10821192120745259,
        0.10743723299107352,
        0.10488935300510248
    ],
    "losess_val": [
        0.2336510658740759,
        0.17809238721584453,
        0.14870798580352215,
        0.12888701336792502,
        0.120896324135553,
        0.1151526574043558,
        0.11085329521661517,
        0.1075526012562919,
        0.10418338615676273,
        0.10459139610993035
    ]
}