{
    "epochs": [
        0,
        1,
        2,
        3,
        4,
        5,
        6,
        7,
        8,
        9
    ],
    "losess": [
        4.358619356856276,
        4.3535368715974165,
        4.352396453145671,
        4.352145528378528,
        4.352115061530804,
        4.352225633778938,
        4.351961158654795,
        4.352199622528897,
        4.352041883881528,
        4.352188363145344
    ]
}