{
    "lr": 1e-05,
    "n_hidden": 64,
    "wd": 1e-10,
    "epochs": [
        0,
        1,
        2,
        3,
        4,
        5,
        6,
        7,
        8,
        9
    ],
    "losess_train": [
        0.3565703389549503,
        0.2566333308707189,
        0.21224556655457538,
        0.1959278292506233,
        0.19332623535389304,
        0.18590909066217898,
        0.18807460902726789,
        0.18449511081978578,
        0.17989440806900642,
        0.17558936009036577
    ],
    "losess_val": [
        0.27761573558566216,
        0.22203664583661806,
        0.19125846271095487,
        0.18053968586604754,
        0.17926043718829862,
        0.18656688758815781,
        0.18231409469406226,
        0.1853632356809533,
        0.17676115351757485,
        0.17614556353786837
    ]
}